<?xml version="1.0" encoding="UTF-8"?> 
<java version="1.6.0_12" class="java.beans.XMLDecoder"> 
 <object class="sowbreira.f1mane.paddock.entidades.persistencia.PaddockDadosSrv"> 
  <void property="jogadoresMap"> 
   <void method="put"> 
    <string>pablohenrique</string> 
    <object class="sowbreira.f1mane.paddock.entidades.persistencia.JogadorDadosSrv"> 
     <void property="email"> 
      <string>phap.mcz@hotmail.com</string> 
     </void> 
     <void property="nome"> 
      <string>pablohenrique</string> 
     </void> 
     <void property="senha"> 
      <string>5c07c06622b0eb031a4658d8aa235af4</string> 
     </void> 
     <void property="ultimoLogon"> 
      <long>1195428242546</long> 
     </void> 
    </object> 
   </void> 
   <void method="put"> 
    <string>qwe</string> 
    <object class="sowbreira.f1mane.paddock.entidades.persistencia.JogadorDadosSrv"> 
     <void property="email"> 
      <string></string> 
     </void> 
     <void property="nome"> 
      <string>qwe</string> 
     </void> 
     <void property="ultimoLogon"> 
      <long>1237676667140</long> 
     </void> 
    </object> 
   </void> 
   <void method="put"> 
    <string>Ayrtonsena</string> 
    <object class="sowbreira.f1mane.paddock.entidades.persistencia.JogadorDadosSrv"> 
     <void property="email"> 
      <string>pillarig@hotmail.com</string> 
     </void> 
     <void property="nome"> 
      <string>Ayrtonsena</string> 
     </void> 
     <void property="senha"> 
      <string>2b1b3eb12b8be71ecf1c42366a6c84da</string> 
     </void> 
     <void property="ultimoLogon"> 
      <long>1195414500343</long> 
     </void> 
    </object> 
   </void> 
   <void method="put"> 
    <string>WeS</string> 
    <object class="sowbreira.f1mane.paddock.entidades.persistencia.JogadorDadosSrv"> 
     <void property="email"> 
      <string>yellsew007@yahoo.com.br</string> 
     </void> 
     <void property="nome"> 
      <string>WeS</string> 
     </void> 
     <void property="senha"> 
      <string>202cb962ac59075b964b07152d234b70</string> 
     </void> 
     <void property="ultimoLogon"> 
      <long>1194814267593</long> 
     </void> 
    </object> 
   </void> 
   <void method="put"> 
    <string>Rborges</string> 
    <object class="sowbreira.f1mane.paddock.entidades.persistencia.JogadorDadosSrv"> 
     <void property="corridas"> 
      <void method="add"> 
       <object class="sowbreira.f1mane.paddock.entidades.persistencia.CorridasDadosSrv"> 
        <void property="carro"> 
         <string>McLaren-MP4-22</string> 
        </void> 
        <void property="circuito"> 
         <string>A1</string> 
        </void> 
        <void property="numVoltas"> 
         <int>22</int> 
        </void> 
        <void property="piloto"> 
         <string>F.Alonso</string> 
        </void> 
        <void property="pontos"> 
         <int>10</int> 
        </void> 
        <void property="porcentConcluida"> 
         <int>100</int> 
        </void> 
        <void property="posicao"> 
         <int>1</int> 
        </void> 
        <void property="tempoFim"> 
         <long>1195396511859</long> 
        </void> 
        <void property="tempoInicio"> 
         <long>1195394338468</long> 
        </void> 
       </object> 
      </void> 
      <void method="add"> 
       <object class="sowbreira.f1mane.paddock.entidades.persistencia.CorridasDadosSrv"> 
        <void property="carro"> 
         <string>Ferrari-F2007</string> 
        </void> 
        <void property="circuito"> 
         <string>Interlagos</string> 
        </void> 
        <void property="numVoltas"> 
         <int>22</int> 
        </void> 
        <void property="piloto"> 
         <string>F.Massa</string> 
        </void> 
        <void property="pontos"> 
         <int>10</int> 
        </void> 
        <void property="porcentConcluida"> 
         <int>100</int> 
        </void> 
        <void property="posicao"> 
         <int>1</int> 
        </void> 
        <void property="tempoFim"> 
         <long>1196110708796</long> 
        </void> 
        <void property="tempoInicio"> 
         <long>1196108854328</long> 
        </void> 
       </object> 
      </void> 
      <void method="add"> 
       <object class="sowbreira.f1mane.paddock.entidades.persistencia.CorridasDadosSrv"> 
        <void property="carro"> 
         <string>Ferrari-F2007</string> 
        </void> 
        <void property="circuito"> 
         <string>SilverStone</string> 
        </void> 
        <void property="numVoltas"> 
         <int>22</int> 
        </void> 
        <void property="piloto"> 
         <string>F.Massa</string> 
        </void> 
        <void property="pontos"> 
         <int>8</int> 
        </void> 
        <void property="porcentConcluida"> 
         <int>100</int> 
        </void> 
        <void property="posicao"> 
         <int>2</int> 
        </void> 
        <void property="tempoFim"> 
         <long>1196113023562</long> 
        </void> 
        <void property="tempoInicio"> 
         <long>1196110953265</long> 
        </void> 
       </object> 
      </void> 
      <void method="add"> 
       <object class="sowbreira.f1mane.paddock.entidades.persistencia.CorridasDadosSrv"> 
        <void property="carro"> 
         <string>Ferrari-F2007</string> 
        </void> 
        <void property="circuito"> 
         <string>Spa</string> 
        </void> 
        <void property="numVoltas"> 
         <int>22</int> 
        </void> 
        <void property="piloto"> 
         <string>F.Massa</string> 
        </void> 
        <void property="pontos"> 
         <int>10</int> 
        </void> 
        <void property="porcentConcluida"> 
         <int>100</int> 
        </void> 
        <void property="posicao"> 
         <int>1</int> 
        </void> 
        <void property="tempoFim"> 
         <long>1196383275406</long> 
        </void> 
        <void property="tempoInicio"> 
         <long>1196381049453</long> 
        </void> 
       </object> 
      </void> 
      <void method="add"> 
       <object class="sowbreira.f1mane.paddock.entidades.persistencia.CorridasDadosSrv"> 
        <void property="carro"> 
         <string>Ferrari-F2007</string> 
        </void> 
        <void property="circuito"> 
         <string>Hockenhein</string> 
        </void> 
        <void property="numVoltas"> 
         <int>22</int> 
        </void> 
        <void property="piloto"> 
         <string>F.Massa</string> 
        </void> 
        <void property="pontos"> 
         <int>8</int> 
        </void> 
        <void property="porcentConcluida"> 
         <int>100</int> 
        </void> 
        <void property="posicao"> 
         <int>2</int> 
        </void> 
        <void property="tempoFim"> 
         <long>1196451490171</long> 
        </void> 
        <void property="tempoInicio"> 
         <long>1196449966125</long> 
        </void> 
       </object> 
      </void> 
      <void method="add"> 
       <object class="sowbreira.f1mane.paddock.entidades.persistencia.CorridasDadosSrv"> 
        <void property="carro"> 
         <string>Ferrari-F2007</string> 
        </void> 
        <void property="circuito"> 
         <string>Suzuka</string> 
        </void> 
        <void property="mudouCarro"> 
         <boolean>true</boolean> 
        </void> 
        <void property="numVoltas"> 
         <int>22</int> 
        </void> 
        <void property="piloto"> 
         <string>F.Massa</string> 
        </void> 
        <void property="posicao"> 
         <int>1</int> 
        </void> 
        <void property="tempoFim"> 
         <long>1196453284312</long> 
        </void> 
        <void property="tempoInicio"> 
         <long>1196451585140</long> 
        </void> 
       </object> 
      </void> 
      <void method="add"> 
       <object class="sowbreira.f1mane.paddock.entidades.persistencia.CorridasDadosSrv"> 
        <void property="carro"> 
         <string>Ferrari-F2007</string> 
        </void> 
        <void property="circuito"> 
         <string>Suzuka</string> 
        </void> 
        <void property="numVoltas"> 
         <int>22</int> 
        </void> 
        <void property="piloto"> 
         <string>F.Massa</string> 
        </void> 
        <void property="pontos"> 
         <int>9</int> 
        </void> 
        <void property="porcentConcluida"> 
         <int>95</int> 
        </void> 
        <void property="posicao"> 
         <int>1</int> 
        </void> 
        <void property="tempoFim"> 
         <long>1196455058781</long> 
        </void> 
        <void property="tempoInicio"> 
         <long>1196453422937</long> 
        </void> 
       </object> 
      </void> 
      <void method="add"> 
       <object class="sowbreira.f1mane.paddock.entidades.persistencia.CorridasDadosSrv"> 
        <void property="carro"> 
         <string>Ferrari-F2007</string> 
        </void> 
        <void property="circuito"> 
         <string>HockenheinClassico</string> 
        </void> 
        <void property="numVoltas"> 
         <int>22</int> 
        </void> 
        <void property="piloto"> 
         <string>F.Massa</string> 
        </void> 
        <void property="pontos"> 
         <int>10</int> 
        </void> 
        <void property="porcentConcluida"> 
         <int>100</int> 
        </void> 
        <void property="posicao"> 
         <int>1</int> 
        </void> 
        <void property="tempoFim"> 
         <long>1196541274390</long> 
        </void> 
        <void property="tempoInicio"> 
         <long>1196539090500</long> 
        </void> 
       </object> 
      </void> 
     </void> 
     <void property="email"> 
      <string>r.borges@live.com</string> 
     </void> 
     <void property="nome"> 
      <string>Rborges</string> 
     </void> 
     <void property="senha"> 
      <string>1d0258c2440a8d19e716292b231e3190</string> 
     </void> 
     <void property="ultimoLogon"> 
      <long>1196538845500</long> 
     </void> 
    </object> 
   </void> 
   <void method="put"> 
    <string>S</string> 
    <object class="sowbreira.f1mane.paddock.entidades.persistencia.JogadorDadosSrv"> 
     <void property="email"> 
      <string></string> 
     </void> 
     <void property="nome"> 
      <string>S</string> 
     </void> 
     <void property="ultimoLogon"> 
      <long>1237686584640</long> 
     </void> 
    </object> 
   </void> 
   <void method="put"> 
    <string>AFernandes</string> 
    <object class="sowbreira.f1mane.paddock.entidades.persistencia.JogadorDadosSrv"> 
     <void property="email"> 
      <string>fernandes.ander80@gmail.com</string> 
     </void> 
     <void property="nome"> 
      <string>AFernandes</string> 
     </void> 
     <void property="senha"> 
      <string>f62f6cf1e8cb417864df876b6e996613</string> 
     </void> 
     <void property="ultimoLogon"> 
      <long>1195576916609</long> 
     </void> 
    </object> 
   </void> 
   <void method="put"> 
    <string>Layne Thomas Staley</string> 
    <object class="sowbreira.f1mane.paddock.entidades.persistencia.JogadorDadosSrv"> 
     <void property="email"> 
      <string>vekyt@hotmail.com</string> 
     </void> 
     <void property="nome"> 
      <string>Layne Thomas Staley</string> 
     </void> 
     <void property="senha"> 
      <string>97af4d45efa76dbd198e6324a4161537</string> 
     </void> 
     <void property="ultimoLogon"> 
      <long>1196018536468</long> 
     </void> 
    </object> 
   </void> 
   <void method="put"> 
    <string>Faustao</string> 
    <object class="sowbreira.f1mane.paddock.entidades.persistencia.JogadorDadosSrv"> 
     <void property="corridas"> 
      <void method="add"> 
       <object class="sowbreira.f1mane.paddock.entidades.persistencia.CorridasDadosSrv"> 
        <void property="carro"> 
         <string>BMW-Sauber-F1-07</string> 
        </void> 
        <void property="circuito"> 
         <string>Monza</string> 
        </void> 
        <void property="numVoltas"> 
         <int>22</int> 
        </void> 
        <void property="piloto"> 
         <string>N.Heidfeld</string> 
        </void> 
        <void property="pontos"> 
         <int>1</int> 
        </void> 
        <void property="porcentConcluida"> 
         <int>54</int> 
        </void> 
        <void property="posicao"> 
         <int>6</int> 
        </void> 
        <void property="tempoFim"> 
         <long>1194218281156</long> 
        </void> 
        <void property="tempoInicio"> 
         <long>1194217083546</long> 
        </void> 
       </object> 
      </void> 
      <void method="add"> 
       <object class="sowbreira.f1mane.paddock.entidades.persistencia.CorridasDadosSrv"> 
        <void property="carro"> 
         <string>Honda-RA107</string> 
        </void> 
        <void property="circuito"> 
         <string>A1</string> 
        </void> 
        <void property="numVoltas"> 
         <int>25</int> 
        </void> 
        <void property="piloto"> 
         <string>R.Barrichello</string> 
        </void> 
        <void property="porcentConcluida"> 
         <int>92</int> 
        </void> 
        <void property="posicao"> 
         <int>21</int> 
        </void> 
        <void property="tempoFim"> 
         <long>1194221003187</long> 
        </void> 
        <void property="tempoInicio"> 
         <long>1194218674812</long> 
        </void> 
       </object> 
      </void> 
      <void method="add"> 
       <object class="sowbreira.f1mane.paddock.entidades.persistencia.CorridasDadosSrv"> 
        <void property="carro"> 
         <string>Ferrari-F2007</string> 
        </void> 
        <void property="circuito"> 
         <string>Indianapoles</string> 
        </void> 
        <void property="numVoltas"> 
         <int>14</int> 
        </void> 
        <void property="piloto"> 
         <string>F.Massa</string> 
        </void> 
        <void property="pontos"> 
         <int>4</int> 
        </void> 
        <void property="porcentConcluida"> 
         <int>100</int> 
        </void> 
        <void property="posicao"> 
         <int>5</int> 
        </void> 
        <void property="tempoFim"> 
         <long>1194817107359</long> 
        </void> 
        <void property="tempoInicio"> 
         <long>1194816174609</long> 
        </void> 
       </object> 
      </void> 
     </void> 
     <void property="email"> 
      <string>matheus70137@gmail.com</string> 
     </void> 
     <void property="nome"> 
      <string>Faustao</string> 
     </void> 
     <void property="senha"> 
      <string>0813b6982985863897998c3f92af2dc8</string> 
     </void> 
     <void property="ultimoLogon"> 
      <long>1194815961734</long> 
     </void> 
    </object> 
   </void> 
   <void method="put"> 
    <string>sow</string> 
    <object class="sowbreira.f1mane.paddock.entidades.persistencia.JogadorDadosSrv"> 
     <void property="email"> 
      <string></string> 
     </void> 
     <void property="nome"> 
      <string>sow</string> 
     </void> 
     <void property="ultimoLogon"> 
      <long>1237684630156</long> 
     </void> 
    </object> 
   </void> 
   <void method="put"> 
    <string>Sobreira</string> 
    <object class="sowbreira.f1mane.paddock.entidades.persistencia.JogadorDadosSrv"> 
     <void property="corridas"> 
      <void method="add"> 
       <object class="sowbreira.f1mane.paddock.entidades.persistencia.CorridasDadosSrv"> 
        <void property="carro"> 
         <string>Ferrari-F2007</string> 
        </void> 
        <void property="circuito"> 
         <string>Monza</string> 
        </void> 
        <void property="numVoltas"> 
         <int>22</int> 
        </void> 
        <void property="piloto"> 
         <string>F.Massa</string> 
        </void> 
        <void property="pontos"> 
         <int>8</int> 
        </void> 
        <void property="porcentConcluida"> 
         <int>86</int> 
        </void> 
        <void property="posicao"> 
         <int>1</int> 
        </void> 
        <void property="tempoFim"> 
         <long>1193613033343</long> 
        </void> 
        <void property="tempoInicio"> 
         <long>1193611725593</long> 
        </void> 
       </object> 
      </void> 
      <void method="add"> 
       <object class="sowbreira.f1mane.paddock.entidades.persistencia.CorridasDadosSrv"> 
        <void property="carro"> 
         <string>Ferrari-F2007</string> 
        </void> 
        <void property="circuito"> 
         <string>Monza</string> 
        </void> 
        <void property="numVoltas"> 
         <int>22</int> 
        </void> 
        <void property="piloto"> 
         <string>F.Massa</string> 
        </void> 
        <void property="pontos"> 
         <int>4</int> 
        </void> 
        <void property="porcentConcluida"> 
         <int>86</int> 
        </void> 
        <void property="posicao"> 
         <int>4</int> 
        </void> 
        <void property="tempoFim"> 
         <long>1193619978750</long> 
        </void> 
        <void property="tempoInicio"> 
         <long>1193618803265</long> 
        </void> 
       </object> 
      </void> 
      <void method="add"> 
       <object class="sowbreira.f1mane.paddock.entidades.persistencia.CorridasDadosSrv"> 
        <void property="carro"> 
         <string>McLaren-MP4-22</string> 
        </void> 
        <void property="circuito"> 
         <string>Imola</string> 
        </void> 
        <void property="numVoltas"> 
         <int>22</int> 
        </void> 
        <void property="piloto"> 
         <string>L.Hamilton</string> 
        </void> 
        <void property="pontos"> 
         <int>1</int> 
        </void> 
        <void property="porcentConcluida"> 
         <int>22</int> 
        </void> 
        <void property="posicao"> 
         <int>3</int> 
        </void> 
        <void property="tempoFim"> 
         <long>1193697268046</long> 
        </void> 
        <void property="tempoInicio"> 
         <long>1193695123875</long> 
        </void> 
       </object> 
      </void> 
      <void method="add"> 
       <object class="sowbreira.f1mane.paddock.entidades.persistencia.CorridasDadosSrv"> 
        <void property="carro"> 
         <string>McLaren-MP4-22</string> 
        </void> 
        <void property="circuito"> 
         <string>Hungaroring</string> 
        </void> 
        <void property="numVoltas"> 
         <int>25</int> 
        </void> 
        <void property="piloto"> 
         <string>F.Alonso</string> 
        </void> 
        <void property="porcentConcluida"> 
         <int>100</int> 
        </void> 
        <void property="posicao"> 
         <int>22</int> 
        </void> 
        <void property="tempoFim"> 
         <long>1193699349015</long> 
        </void> 
        <void property="tempoInicio"> 
         <long>1193697637234</long> 
        </void> 
       </object> 
      </void> 
      <void method="add"> 
       <object class="sowbreira.f1mane.paddock.entidades.persistencia.CorridasDadosSrv"> 
        <void property="carro"> 
         <string>Ferrari-F2007</string> 
        </void> 
        <void property="circuito"> 
         <string>Imola</string> 
        </void> 
        <void property="numVoltas"> 
         <int>22</int> 
        </void> 
        <void property="piloto"> 
         <string>F.Massa</string> 
        </void> 
        <void property="pontos"> 
         <int>8</int> 
        </void> 
        <void property="porcentConcluida"> 
         <int>86</int> 
        </void> 
        <void property="posicao"> 
         <int>1</int> 
        </void> 
        <void property="tempoFim"> 
         <long>1193703761156</long> 
        </void> 
        <void property="tempoInicio"> 
         <long>1193701712750</long> 
        </void> 
       </object> 
      </void> 
      <void method="add"> 
       <object class="sowbreira.f1mane.paddock.entidades.persistencia.CorridasDadosSrv"> 
        <void property="carro"> 
         <string>McLaren-MP4-22</string> 
        </void> 
        <void property="circuito"> 
         <string>Monza</string> 
        </void> 
        <void property="numVoltas"> 
         <int>22</int> 
        </void> 
        <void property="piloto"> 
         <string>L.Hamilton</string> 
        </void> 
        <void property="porcentConcluida"> 
         <int>4</int> 
        </void> 
        <void property="posicao"> 
         <int>2</int> 
        </void> 
        <void property="tempoFim"> 
         <long>1194218281156</long> 
        </void> 
        <void property="tempoInicio"> 
         <long>1194217083546</long> 
        </void> 
       </object> 
      </void> 
      <void method="add"> 
       <object class="sowbreira.f1mane.paddock.entidades.persistencia.CorridasDadosSrv"> 
        <void property="carro"> 
         <string>Ferrari-F2007</string> 
        </void> 
        <void property="circuito"> 
         <string>Monza</string> 
        </void> 
        <void property="numVoltas"> 
         <int>10</int> 
        </void> 
        <void property="piloto"> 
         <string>F.Massa</string> 
        </void> 
        <void property="pontos"> 
         <int>5</int> 
        </void> 
        <void property="porcentConcluida"> 
         <int>100</int> 
        </void> 
        <void property="posicao"> 
         <int>4</int> 
        </void> 
        <void property="tempoFim"> 
         <long>1194712919468</long> 
        </void> 
        <void property="tempoInicio"> 
         <long>1194712347562</long> 
        </void> 
       </object> 
      </void> 
      <void method="add"> 
       <object class="sowbreira.f1mane.paddock.entidades.persistencia.CorridasDadosSrv"> 
        <void property="carro"> 
         <string>BMW-Sauber-F1-07</string> 
        </void> 
        <void property="circuito"> 
         <string>Hungaroring</string> 
        </void> 
        <void property="numVoltas"> 
         <int>12</int> 
        </void> 
        <void property="piloto"> 
         <string>R.Kubica</string> 
        </void> 
        <void property="pontos"> 
         <int>4</int> 
        </void> 
        <void property="porcentConcluida"> 
         <int>100</int> 
        </void> 
        <void property="posicao"> 
         <int>5</int> 
        </void> 
        <void property="tempoFim"> 
         <long>1194810995109</long> 
        </void> 
        <void property="tempoInicio"> 
         <long>1194810000171</long> 
        </void> 
       </object> 
      </void> 
      <void method="add"> 
       <object class="sowbreira.f1mane.paddock.entidades.persistencia.CorridasDadosSrv"> 
        <void property="carro"> 
         <string>BMW-Sauber-F1-07</string> 
        </void> 
        <void property="circuito"> 
         <string>SilverStone</string> 
        </void> 
        <void property="numVoltas"> 
         <int>12</int> 
        </void> 
        <void property="piloto"> 
         <string>R.Kubica</string> 
        </void> 
        <void property="pontos"> 
         <int>5</int> 
        </void> 
        <void property="porcentConcluida"> 
         <int>100</int> 
        </void> 
        <void property="posicao"> 
         <int>4</int> 
        </void> 
        <void property="tempoFim"> 
         <long>1194812062781</long> 
        </void> 
        <void property="tempoInicio"> 
         <long>1194811274187</long> 
        </void> 
       </object> 
      </void> 
      <void method="add"> 
       <object class="sowbreira.f1mane.paddock.entidades.persistencia.CorridasDadosSrv"> 
        <void property="carro"> 
         <string>Ferrari-F2007</string> 
        </void> 
        <void property="circuito"> 
         <string>A1</string> 
        </void> 
        <void property="numVoltas"> 
         <int>30</int> 
        </void> 
        <void property="piloto"> 
         <string>F.Massa</string> 
        </void> 
        <void property="pontos"> 
         <int>4</int> 
        </void> 
        <void property="porcentConcluida"> 
         <int>46</int> 
        </void> 
        <void property="posicao"> 
         <int>1</int> 
        </void> 
        <void property="tempoFim"> 
         <long>1194814204343</long> 
        </void> 
        <void property="tempoInicio"> 
         <long>1194812221875</long> 
        </void> 
       </object> 
      </void> 
      <void method="add"> 
       <object class="sowbreira.f1mane.paddock.entidades.persistencia.CorridasDadosSrv"> 
        <void property="carro"> 
         <string>BMW-Sauber-F1-07</string> 
        </void> 
        <void property="circuito"> 
         <string>SilverStone</string> 
        </void> 
        <void property="numVoltas"> 
         <int>22</int> 
        </void> 
        <void property="piloto"> 
         <string>R.Kubica</string> 
        </void> 
        <void property="porcentConcluida"> 
         <int>100</int> 
        </void> 
        <void property="posicao"> 
         <int>14</int> 
        </void> 
        <void property="tempoFim"> 
         <long>1194815822109</long> 
        </void> 
        <void property="tempoInicio"> 
         <long>1194814448234</long> 
        </void> 
       </object> 
      </void> 
      <void method="add"> 
       <object class="sowbreira.f1mane.paddock.entidades.persistencia.CorridasDadosSrv"> 
        <void property="carro"> 
         <string>Ferrari-F2007</string> 
        </void> 
        <void property="circuito"> 
         <string>Indianapoles</string> 
        </void> 
        <void property="numVoltas"> 
         <int>14</int> 
        </void> 
        <void property="piloto"> 
         <string>K.Raikkonen</string> 
        </void> 
        <void property="pontos"> 
         <int>8</int> 
        </void> 
        <void property="porcentConcluida"> 
         <int>100</int> 
        </void> 
        <void property="posicao"> 
         <int>2</int> 
        </void> 
        <void property="tempoFim"> 
         <long>1194817107359</long> 
        </void> 
        <void property="tempoInicio"> 
         <long>1194816174609</long> 
        </void> 
       </object> 
      </void> 
      <void method="add"> 
       <object class="sowbreira.f1mane.paddock.entidades.persistencia.CorridasDadosSrv"> 
        <void property="carro"> 
         <string>Renault-R27</string> 
        </void> 
        <void property="circuito"> 
         <string>Melbourne</string> 
        </void> 
        <void property="mudouCarro"> 
         <boolean>true</boolean> 
        </void> 
        <void property="numVoltas"> 
         <int>12</int> 
        </void> 
        <void property="piloto"> 
         <string>H.Kovalainen</string> 
        </void> 
        <void property="posicao"> 
         <int>3</int> 
        </void> 
        <void property="tempoFim"> 
         <long>1195420068937</long> 
        </void> 
        <void property="tempoInicio"> 
         <long>1195419051953</long> 
        </void> 
       </object> 
      </void> 
      <void method="add"> 
       <object class="sowbreira.f1mane.paddock.entidades.persistencia.CorridasDadosSrv"> 
        <void property="carro"> 
         <string>Toro-Rosso-STR02</string> 
        </void> 
        <void property="circuito"> 
         <string>Suzuka</string> 
        </void> 
        <void property="numVoltas"> 
         <int>20</int> 
        </void> 
        <void property="piloto"> 
         <string>S.Vettel</string> 
        </void> 
        <void property="porcentConcluida"> 
         <int>60</int> 
        </void> 
        <void property="posicao"> 
         <int>10</int> 
        </void> 
        <void property="tempoFim"> 
         <long>1195422328625</long> 
        </void> 
        <void property="tempoInicio"> 
         <long>1195420433531</long> 
        </void> 
       </object> 
      </void> 
      <void method="add"> 
       <object class="sowbreira.f1mane.paddock.entidades.persistencia.CorridasDadosSrv"> 
        <void property="carro"> 
         <string>Ferrari-F2007</string> 
        </void> 
        <void property="circuito"> 
         <string>Imola</string> 
        </void> 
        <void property="numVoltas"> 
         <int>14</int> 
        </void> 
        <void property="piloto"> 
         <string>F.Massa</string> 
        </void> 
        <void property="pontos"> 
         <int>5</int> 
        </void> 
        <void property="porcentConcluida"> 
         <int>100</int> 
        </void> 
        <void property="posicao"> 
         <int>4</int> 
        </void> 
        <void property="tempoFim"> 
         <long>1195424272546</long> 
        </void> 
        <void property="tempoInicio"> 
         <long>1195422977984</long> 
        </void> 
       </object> 
      </void> 
     </void> 
     <void property="email"> 
      <string>sowbreira@yahoo.com.br</string> 
     </void> 
     <void property="nome"> 
      <string>Sobreira</string> 
     </void> 
     <void property="senha"> 
      <string>107af540f0dbc58c04d433ab8f6fb680</string> 
     </void> 
     <void property="ultimoLogon"> 
      <long>1237645776593</long> 
     </void> 
    </object> 
   </void> 
   <void method="put"> 
    <string>Luth Ribeiro Cysne</string> 
    <object class="sowbreira.f1mane.paddock.entidades.persistencia.JogadorDadosSrv"> 
     <void property="email"> 
      <string>luluribe@msn.com</string> 
     </void> 
     <void property="nome"> 
      <string>Luth Ribeiro Cysne</string> 
     </void> 
     <void property="senha"> 
      <string>feec997059ced5ba5f9960207fed7c48</string> 
     </void> 
     <void property="ultimoLogon"> 
      <long>1193697484984</long> 
     </void> 
    </object> 
   </void> 
   <void method="put"> 
    <string>fernando</string> 
    <object class="sowbreira.f1mane.paddock.entidades.persistencia.JogadorDadosSrv"> 
     <void property="corridas"> 
      <void method="add"> 
       <object class="sowbreira.f1mane.paddock.entidades.persistencia.CorridasDadosSrv"> 
        <void property="carro"> 
         <string>Toyota-TF107</string> 
        </void> 
        <void property="circuito"> 
         <string>Suzuka</string> 
        </void> 
        <void property="numVoltas"> 
         <int>20</int> 
        </void> 
        <void property="piloto"> 
         <string>J.Trulli</string> 
        </void> 
        <void property="porcentConcluida"> 
         <int>30</int> 
        </void> 
        <void property="posicao"> 
         <int>12</int> 
        </void> 
        <void property="tempoFim"> 
         <long>1195422328625</long> 
        </void> 
        <void property="tempoInicio"> 
         <long>1195420433531</long> 
        </void> 
       </object> 
      </void> 
      <void method="add"> 
       <object class="sowbreira.f1mane.paddock.entidades.persistencia.CorridasDadosSrv"> 
        <void property="carro"> 
         <string>Toyota-TF107</string> 
        </void> 
        <void property="circuito"> 
         <string>Imola</string> 
        </void> 
        <void property="numVoltas"> 
         <int>14</int> 
        </void> 
        <void property="piloto"> 
         <string>J.Trulli</string> 
        </void> 
        <void property="porcentConcluida"> 
         <int>85</int> 
        </void> 
        <void property="posicao"> 
         <int>21</int> 
        </void> 
        <void property="tempoFim"> 
         <long>1195424272546</long> 
        </void> 
        <void property="tempoInicio"> 
         <long>1195422977984</long> 
        </void> 
       </object> 
      </void> 
      <void method="add"> 
       <object class="sowbreira.f1mane.paddock.entidades.persistencia.CorridasDadosSrv"> 
        <void property="carro"> 
         <string>Toyota-TF107</string> 
        </void> 
        <void property="circuito"> 
         <string>A1</string> 
        </void> 
        <void property="numVoltas"> 
         <int>16</int> 
        </void> 
        <void property="piloto"> 
         <string>J.Trulli</string> 
        </void> 
        <void property="porcentConcluida"> 
         <int>100</int> 
        </void> 
        <void property="posicao"> 
         <int>22</int> 
        </void> 
        <void property="tempoFim"> 
         <long>1195426640093</long> 
        </void> 
        <void property="tempoInicio"> 
         <long>1195425059156</long> 
        </void> 
       </object> 
      </void> 
     </void> 
     <void property="email"> 
      <string>fer.est@hotmail.com</string> 
     </void> 
     <void property="nome"> 
      <string>fernando</string> 
     </void> 
     <void property="senha"> 
      <string>1abf5b51520bf9adb3138e99284d807a</string> 
     </void> 
     <void property="ultimoLogon"> 
      <long>1195423177078</long> 
     </void> 
    </object> 
   </void> 
   <void method="put"> 
    <string>leandrolima</string> 
    <object class="sowbreira.f1mane.paddock.entidades.persistencia.JogadorDadosSrv"> 
     <void property="email"> 
      <string>leandrooricchio@gmail.com</string> 
     </void> 
     <void property="nome"> 
      <string>leandrolima</string> 
     </void> 
     <void property="senha"> 
      <string>a9af7f93d2a54370521b0bb96d819946</string> 
     </void> 
     <void property="ultimoLogon"> 
      <long>1194287559890</long> 
     </void> 
    </object> 
   </void> 
   <void method="put"> 
    <string>pc</string> 
    <object class="sowbreira.f1mane.paddock.entidades.persistencia.JogadorDadosSrv"> 
     <void property="email"> 
      <string>as@as.com</string> 
     </void> 
     <void property="nome"> 
      <string>pc</string> 
     </void> 
     <void property="senha"> 
      <string>78b421309e310f1950b83b418b1ebc04</string> 
     </void> 
     <void property="ultimoLogon"> 
      <long>1195497755593</long> 
     </void> 
    </object> 
   </void> 
   <void method="put"> 
    <string>marvin</string> 
    <object class="sowbreira.f1mane.paddock.entidades.persistencia.JogadorDadosSrv"> 
     <void property="email"> 
      <string>lawscls@gmail.com</string> 
     </void> 
     <void property="nome"> 
      <string>marvin</string> 
     </void> 
     <void property="senha"> 
      <string>6a3a7b9b57ffbcb65c62c1bce20bb14f</string> 
     </void> 
     <void property="ultimoLogon"> 
      <long>1195420481000</long> 
     </void> 
    </object> 
   </void> 
   <void method="put"> 
    <string>Dancam</string> 
    <object class="sowbreira.f1mane.paddock.entidades.persistencia.JogadorDadosSrv"> 
     <void property="email"> 
      <string>dancam1987@hotmail.com</string> 
     </void> 
     <void property="nome"> 
      <string>Dancam</string> 
     </void> 
     <void property="senha"> 
      <string>2a9fca270bd775282a27996a5484889b</string> 
     </void> 
     <void property="ultimoLogon"> 
      <long>1196018958265</long> 
     </void> 
    </object> 
   </void> 
   <void method="put"> 
    <string>Vask</string> 
    <object class="sowbreira.f1mane.paddock.entidades.persistencia.JogadorDadosSrv"> 
     <void property="email"> 
      <string>cabonet@uol.com.br</string> 
     </void> 
     <void property="nome"> 
      <string>Vask</string> 
     </void> 
     <void property="senha"> 
      <string>d93591bdf7860e1e4ee2fca799911215</string> 
     </void> 
     <void property="ultimoLogon"> 
      <long>1193726308031</long> 
     </void> 
    </object> 
   </void> 
   <void method="put"> 
    <string>Anderson</string> 
    <object class="sowbreira.f1mane.paddock.entidades.persistencia.JogadorDadosSrv"> 
     <void property="corridas"> 
      <void method="add"> 
       <object class="sowbreira.f1mane.paddock.entidades.persistencia.CorridasDadosSrv"> 
        <void property="carro"> 
         <string>Ferrari-F2007</string> 
        </void> 
        <void property="circuito"> 
         <string>Suzuka</string> 
        </void> 
        <void property="numVoltas"> 
         <int>20</int> 
        </void> 
        <void property="piloto"> 
         <string>K.Raikkonen</string> 
        </void> 
        <void property="porcentConcluida"> 
         <int>10</int> 
        </void> 
        <void property="posicao"> 
         <int>3</int> 
        </void> 
        <void property="tempoFim"> 
         <long>1195422328625</long> 
        </void> 
        <void property="tempoInicio"> 
         <long>1195420433531</long> 
        </void> 
       </object> 
      </void> 
     </void> 
     <void property="email"> 
      <string>anderson.pimentel.silva@gmail.com</string> 
     </void> 
     <void property="nome"> 
      <string>Anderson</string> 
     </void> 
     <void property="senha"> 
      <string>dce4614b20d033587eebbfe0ef56cb73</string> 
     </void> 
     <void property="ultimoLogon"> 
      <long>1195422094921</long> 
     </void> 
    </object> 
   </void> 
   <void method="put"> 
    <string>Daniel</string> 
    <object class="sowbreira.f1mane.paddock.entidades.persistencia.JogadorDadosSrv"> 
     <void property="email"> 
      <string>daniel_souza@globo.com</string> 
     </void> 
     <void property="nome"> 
      <string>Daniel</string> 
     </void> 
     <void property="senha"> 
      <string>80e95d403709b12e758a590b74d9965e</string> 
     </void> 
     <void property="ultimoLogon"> 
      <long>1194217007562</long> 
     </void> 
    </object> 
   </void> 
   <void method="put"> 
    <string>2</string> 
    <object class="sowbreira.f1mane.paddock.entidades.persistencia.JogadorDadosSrv"> 
     <void property="email"> 
      <string></string> 
     </void> 
     <void property="nome"> 
      <string>2</string> 
     </void> 
     <void property="ultimoLogon"> 
      <long>1237675794109</long> 
     </void> 
    </object> 
   </void> 
   <void method="put"> 
    <string>1</string> 
    <object class="sowbreira.f1mane.paddock.entidades.persistencia.JogadorDadosSrv"> 
     <void property="email"> 
      <string></string> 
     </void> 
     <void property="nome"> 
      <string>1</string> 
     </void> 
     <void property="ultimoLogon"> 
      <long>1237647922578</long> 
     </void> 
    </object> 
   </void> 
   <void method="put"> 
    <string>Forauto</string> 
    <object class="sowbreira.f1mane.paddock.entidades.persistencia.JogadorDadosSrv"> 
     <void property="corridas"> 
      <void method="add"> 
       <object class="sowbreira.f1mane.paddock.entidades.persistencia.CorridasDadosSrv"> 
        <void property="carro"> 
         <string>Williams-FW29</string> 
        </void> 
        <void property="circuito"> 
         <string>Monza</string> 
        </void> 
        <void property="mudouCarro"> 
         <boolean>true</boolean> 
        </void> 
        <void property="numVoltas"> 
         <int>22</int> 
        </void> 
        <void property="piloto"> 
         <string>A.Wurz</string> 
        </void> 
        <void property="posicao"> 
         <int>4</int> 
        </void> 
        <void property="tempoFim"> 
         <long>1193613033343</long> 
        </void> 
        <void property="tempoInicio"> 
         <long>1193611725593</long> 
        </void> 
       </object> 
      </void> 
      <void method="add"> 
       <object class="sowbreira.f1mane.paddock.entidades.persistencia.CorridasDadosSrv"> 
        <void property="carro"> 
         <string>Ferrari-F2007</string> 
        </void> 
        <void property="circuito"> 
         <string>Imola</string> 
        </void> 
        <void property="numVoltas"> 
         <int>22</int> 
        </void> 
        <void property="piloto"> 
         <string>F.Massa</string> 
        </void> 
        <void property="porcentConcluida"> 
         <int>100</int> 
        </void> 
        <void property="posicao"> 
         <int>12</int> 
        </void> 
        <void property="tempoFim"> 
         <long>1193697268046</long> 
        </void> 
        <void property="tempoInicio"> 
         <long>1193695123875</long> 
        </void> 
       </object> 
      </void> 
      <void method="add"> 
       <object class="sowbreira.f1mane.paddock.entidades.persistencia.CorridasDadosSrv"> 
        <void property="carro"> 
         <string>Ferrari-F2007</string> 
        </void> 
        <void property="circuito"> 
         <string>Melbourne</string> 
        </void> 
        <void property="numVoltas"> 
         <int>22</int> 
        </void> 
        <void property="piloto"> 
         <string>F.Massa</string> 
        </void> 
        <void property="porcentConcluida"> 
         <int>9</int> 
        </void> 
        <void property="posicao"> 
         <int>7</int> 
        </void> 
        <void property="tempoFim"> 
         <long>1193701631296</long> 
        </void> 
        <void property="tempoInicio"> 
         <long>1193699644625</long> 
        </void> 
       </object> 
      </void> 
      <void method="add"> 
       <object class="sowbreira.f1mane.paddock.entidades.persistencia.CorridasDadosSrv"> 
        <void property="carro"> 
         <string>Ferrari-F2007</string> 
        </void> 
        <void property="circuito"> 
         <string>Imola</string> 
        </void> 
        <void property="numVoltas"> 
         <int>22</int> 
        </void> 
        <void property="piloto"> 
         <string>K.Raikkonen</string> 
        </void> 
        <void property="pontos"> 
         <int>6</int> 
        </void> 
        <void property="porcentConcluida"> 
         <int>100</int> 
        </void> 
        <void property="posicao"> 
         <int>3</int> 
        </void> 
        <void property="tempoFim"> 
         <long>1193703761156</long> 
        </void> 
        <void property="tempoInicio"> 
         <long>1193701712750</long> 
        </void> 
       </object> 
      </void> 
     </void> 
     <void property="email"> 
      <string>marc0ant0ni0_@hotmail.com</string> 
     </void> 
     <void property="nome"> 
      <string>Forauto</string> 
     </void> 
     <void property="senha"> 
      <string>a3da4f609249c2fa1065538446a34226</string> 
     </void> 
     <void property="ultimoLogon"> 
      <long>1193703590875</long> 
     </void> 
    </object> 
   </void> 
   <void method="put"> 
    <string>danielgringo,</string> 
    <object class="sowbreira.f1mane.paddock.entidades.persistencia.JogadorDadosSrv"> 
     <void property="email"> 
      <string></string> 
     </void> 
     <void property="nome"> 
      <string>danielgringo,</string> 
     </void> 
     <void property="senha"> 
      <string>d41d8cd98f00b204e9800998ecf8427e</string> 
     </void> 
     <void property="ultimoLogon"> 
      <long>1195493874875</long> 
     </void> 
    </object> 
   </void> 
   <void method="put"> 
    <string>viper</string> 
    <object class="sowbreira.f1mane.paddock.entidades.persistencia.JogadorDadosSrv"> 
     <void property="email"> 
      <string>ndiegog@gmail.com</string> 
     </void> 
     <void property="nome"> 
      <string>viper</string> 
     </void> 
     <void property="senha"> 
      <string>48633b831f642f2f4fe3daf9f4d24a4a</string> 
     </void> 
     <void property="ultimoLogon"> 
      <long>1194210529890</long> 
     </void> 
    </object> 
   </void> 
   <void method="put"> 
    <string>Luth</string> 
    <object class="sowbreira.f1mane.paddock.entidades.persistencia.JogadorDadosSrv"> 
     <void property="corridas"> 
      <void method="add"> 
       <object class="sowbreira.f1mane.paddock.entidades.persistencia.CorridasDadosSrv"> 
        <void property="carro"> 
         <string>Renault-R27</string> 
        </void> 
        <void property="circuito"> 
         <string>Suzuka</string> 
        </void> 
        <void property="numVoltas"> 
         <int>20</int> 
        </void> 
        <void property="piloto"> 
         <string>H.Kovalainen</string> 
        </void> 
        <void property="porcentConcluida"> 
         <int>80</int> 
        </void> 
        <void property="posicao"> 
         <int>17</int> 
        </void> 
        <void property="tempoFim"> 
         <long>1195422328625</long> 
        </void> 
        <void property="tempoInicio"> 
         <long>1195420433531</long> 
        </void> 
       </object> 
      </void> 
      <void method="add"> 
       <object class="sowbreira.f1mane.paddock.entidades.persistencia.CorridasDadosSrv"> 
        <void property="carro"> 
         <string>McLaren-MP4-22</string> 
        </void> 
        <void property="circuito"> 
         <string>SilverStone</string> 
        </void> 
        <void property="numVoltas"> 
         <int>22</int> 
        </void> 
        <void property="piloto"> 
         <string>F.Alonso</string> 
        </void> 
        <void property="pontos"> 
         <int>1</int> 
        </void> 
        <void property="porcentConcluida"> 
         <int>18</int> 
        </void> 
        <void property="posicao"> 
         <int>3</int> 
        </void> 
        <void property="tempoFim"> 
         <long>1196113023562</long> 
        </void> 
        <void property="tempoInicio"> 
         <long>1196110953265</long> 
        </void> 
       </object> 
      </void> 
     </void> 
     <void property="email"> 
      <string>luluribe@msn.com</string> 
     </void> 
     <void property="nome"> 
      <string>Luth</string> 
     </void> 
     <void property="senha"> 
      <string>feec997059ced5ba5f9960207fed7c48</string> 
     </void> 
     <void property="ultimoLogon"> 
      <long>1196112602390</long> 
     </void> 
    </object> 
   </void> 
   <void method="put"> 
    <string>enzo</string> 
    <object class="sowbreira.f1mane.paddock.entidades.persistencia.JogadorDadosSrv"> 
     <void property="corridas"> 
      <void method="add"> 
       <object class="sowbreira.f1mane.paddock.entidades.persistencia.CorridasDadosSrv"> 
        <void property="carro"> 
         <string>McLaren-MP4-22</string> 
        </void> 
        <void property="circuito"> 
         <string>Monza</string> 
        </void> 
        <void property="numVoltas"> 
         <int>22</int> 
        </void> 
        <void property="piloto"> 
         <string>F.Alonso</string> 
        </void> 
        <void property="pontos"> 
         <int>1</int> 
        </void> 
        <void property="porcentConcluida"> 
         <int>22</int> 
        </void> 
        <void property="posicao"> 
         <int>3</int> 
        </void> 
        <void property="tempoFim"> 
         <long>1193613033343</long> 
        </void> 
        <void property="tempoInicio"> 
         <long>1193611725593</long> 
        </void> 
       </object> 
      </void> 
     </void> 
     <void property="email"> 
      <string>enzovirus@hotmail.com</string> 
     </void> 
     <void property="nome"> 
      <string>enzo</string> 
     </void> 
     <void property="senha"> 
      <string>9e6d4dd4c62c53b79e9acb0434870435</string> 
     </void> 
     <void property="ultimoLogon"> 
      <long>1193612231859</long> 
     </void> 
    </object> 
   </void> 
   <void method="put"> 
    <string>inacio franco junior</string> 
    <object class="sowbreira.f1mane.paddock.entidades.persistencia.JogadorDadosSrv"> 
     <void property="email"> 
      <string>igfr=</string> 
     </void> 
     <void property="nome"> 
      <string>inacio franco junior</string> 
     </void> 
     <void property="senha"> 
      <string>91b9e018474f8dbb254186b92eee4573</string> 
     </void> 
     <void property="ultimoLogon"> 
      <long>1195413416250</long> 
     </void> 
    </object> 
   </void> 
   <void method="put"> 
    <string>TRE</string> 
    <object class="sowbreira.f1mane.paddock.entidades.persistencia.JogadorDadosSrv"> 
     <void property="email"> 
      <string></string> 
     </void> 
     <void property="nome"> 
      <string>TRE</string> 
     </void> 
     <void property="ultimoLogon"> 
      <long>1237676804093</long> 
     </void> 
    </object> 
   </void> 
   <void method="put"> 
    <string>Graffite</string> 
    <object class="sowbreira.f1mane.paddock.entidades.persistencia.JogadorDadosSrv"> 
     <void property="email"> 
      <string>victor.graffite@yahoo.com.br</string> 
     </void> 
     <void property="nome"> 
      <string>Graffite</string> 
     </void> 
     <void property="senha"> 
      <string>c4f5789612596e5a9577ca7659090e9e</string> 
     </void> 
     <void property="ultimoLogon"> 
      <long>1195163916171</long> 
     </void> 
    </object> 
   </void> 
   <void method="put"> 
    <string>inacio franco juniro</string> 
    <object class="sowbreira.f1mane.paddock.entidades.persistencia.JogadorDadosSrv"> 
     <void property="email"> 
      <string>ifrancojr@brturbo.com.br</string> 
     </void> 
     <void property="nome"> 
      <string>inacio franco juniro</string> 
     </void> 
     <void property="senha"> 
      <string>91b9e018474f8dbb254186b92eee4573</string> 
     </void> 
     <void property="ultimoLogon"> 
      <long>1195413673796</long> 
     </void> 
    </object> 
   </void> 
   <void method="put"> 
    <string>Artnus</string> 
    <object class="sowbreira.f1mane.paddock.entidades.persistencia.JogadorDadosSrv"> 
     <void property="email"> 
      <string>artnus@gmail.com</string> 
     </void> 
     <void property="nome"> 
      <string>Artnus</string> 
     </void> 
     <void property="senha"> 
      <string>b5b90ded292f1ad0c64bec2f873ff31d</string> 
     </void> 
     <void property="ultimoLogon"> 
      <long>1195249611500</long> 
     </void> 
    </object> 
   </void> 
   <void method="put"> 
    <string>Chester</string> 
    <object class="sowbreira.f1mane.paddock.entidades.persistencia.JogadorDadosSrv"> 
     <void property="corridas"> 
      <void method="add"> 
       <object class="sowbreira.f1mane.paddock.entidades.persistencia.CorridasDadosSrv"> 
        <void property="carro"> 
         <string>Ferrari-F2007</string> 
        </void> 
        <void property="circuito"> 
         <string>A1</string> 
        </void> 
        <void property="numVoltas"> 
         <int>16</int> 
        </void> 
        <void property="piloto"> 
         <string>F.Massa</string> 
        </void> 
        <void property="pontos"> 
         <int>10</int> 
        </void> 
        <void property="porcentConcluida"> 
         <int>100</int> 
        </void> 
        <void property="posicao"> 
         <int>1</int> 
        </void> 
        <void property="tempoFim"> 
         <long>1195426640093</long> 
        </void> 
        <void property="tempoInicio"> 
         <long>1195425059156</long> 
        </void> 
       </object> 
      </void> 
      <void method="add"> 
       <object class="sowbreira.f1mane.paddock.entidades.persistencia.CorridasDadosSrv"> 
        <void property="carro"> 
         <string>McLaren-MP4-22</string> 
        </void> 
        <void property="circuito"> 
         <string>Interlagos</string> 
        </void> 
        <void property="mudouCarro"> 
         <boolean>true</boolean> 
        </void> 
        <void property="numVoltas"> 
         <int>22</int> 
        </void> 
        <void property="piloto"> 
         <string>L.Hamilton</string> 
        </void> 
        <void property="posicao"> 
         <int>2</int> 
        </void> 
        <void property="tempoFim"> 
         <long>1196110708796</long> 
        </void> 
        <void property="tempoInicio"> 
         <long>1196108854328</long> 
        </void> 
       </object> 
      </void> 
      <void method="add"> 
       <object class="sowbreira.f1mane.paddock.entidades.persistencia.CorridasDadosSrv"> 
        <void property="carro"> 
         <string>Ferrari-F2007</string> 
        </void> 
        <void property="circuito"> 
         <string>SilverStone</string> 
        </void> 
        <void property="numVoltas"> 
         <int>22</int> 
        </void> 
        <void property="piloto"> 
         <string>K.Raikkonen</string> 
        </void> 
        <void property="pontos"> 
         <int>10</int> 
        </void> 
        <void property="porcentConcluida"> 
         <int>100</int> 
        </void> 
        <void property="posicao"> 
         <int>1</int> 
        </void> 
        <void property="tempoFim"> 
         <long>1196113023562</long> 
        </void> 
        <void property="tempoInicio"> 
         <long>1196110953265</long> 
        </void> 
       </object> 
      </void> 
     </void> 
     <void property="email"> 
      <string>anderson.pimentel.silva@gmail.com</string> 
     </void> 
     <void property="nome"> 
      <string>Chester</string> 
     </void> 
     <void property="senha"> 
      <string>dce4614b20d033587eebbfe0ef56cb73</string> 
     </void> 
     <void property="ultimoLogon"> 
      <long>1196116447062</long> 
     </void> 
    </object> 
   </void> 
   <void method="put"> 
    <string>psykotico</string> 
    <object class="sowbreira.f1mane.paddock.entidades.persistencia.JogadorDadosSrv"> 
     <void property="email"> 
      <string>efraimcf@gmail.com</string> 
     </void> 
     <void property="nome"> 
      <string>psykotico</string> 
     </void> 
     <void property="senha"> 
      <string>9e7aa5c51cfe1d6922cd9a0c03387901</string> 
     </void> 
     <void property="ultimoLogon"> 
      <long>1195420297015</long> 
     </void> 
    </object> 
   </void> 
   <void method="put"> 
    <string>Sow</string> 
    <object class="sowbreira.f1mane.paddock.entidades.persistencia.JogadorDadosSrv"> 
     <void property="corridas"> 
      <void method="add"> 
       <object class="sowbreira.f1mane.paddock.entidades.persistencia.CorridasDadosSrv"> 
        <void property="carro"> 
         <string>Ferrari-F2008</string> 
        </void> 
        <void property="circuito"> 
         <string>SilverStone</string> 
        </void> 
        <void property="numVoltas"> 
         <int>22</int> 
        </void> 
        <void property="piloto"> 
         <string>F.Massa</string> 
        </void> 
        <void property="porcentConcluida"> 
         <int>100</int> 
        </void> 
        <void property="posicao"> 
         <int>18</int> 
        </void> 
        <void property="tempoFim"> 
         <long>1237689053640</long> 
        </void> 
        <void property="tempoInicio"> 
         <long>1237686991937</long> 
        </void> 
       </object> 
      </void> 
     </void> 
     <void property="email"> 
      <string></string> 
     </void> 
     <void property="nome"> 
      <string>Sow</string> 
     </void> 
     <void property="ultimoLogon"> 
      <long>1237686915562</long> 
     </void> 
    </object> 
   </void> 
   <void method="put"> 
    <string>Ivã Reis</string> 
    <object class="sowbreira.f1mane.paddock.entidades.persistencia.JogadorDadosSrv"> 
     <void property="email"> 
      <string>ivamaiden@uol.com.br</string> 
     </void> 
     <void property="nome"> 
      <string>Ivã Reis</string> 
     </void> 
     <void property="senha"> 
      <string>581418d7ddf0c7caf1cbf2d48a33963c</string> 
     </void> 
     <void property="ultimoLogon"> 
      <long>1195431410000</long> 
     </void> 
    </object> 
   </void> 
   <void method="put"> 
    <string>Assombrado</string> 
    <object class="sowbreira.f1mane.paddock.entidades.persistencia.JogadorDadosSrv"> 
     <void property="email"> 
      <string>assombrado_jorge@yahoo.com.br</string> 
     </void> 
     <void property="nome"> 
      <string>Assombrado</string> 
     </void> 
     <void property="senha"> 
      <string>da4f21d00b1992e0b25f463b722dcc6a</string> 
     </void> 
     <void property="ultimoLogon"> 
      <long>1195432403750</long> 
     </void> 
    </object> 
   </void> 
   <void method="put"> 
    <string>daniel</string> 
    <object class="sowbreira.f1mane.paddock.entidades.persistencia.JogadorDadosSrv"> 
     <void property="email"> 
      <string>manson_gringo@hotmail.com</string> 
     </void> 
     <void property="nome"> 
      <string>daniel</string> 
     </void> 
     <void property="senha"> 
      <string>59242693ae1c1896291c5a5c536e7d11</string> 
     </void> 
     <void property="ultimoLogon"> 
      <long>1195518293484</long> 
     </void> 
    </object> 
   </void> 
   <void method="put"> 
    <string>rafael </string> 
    <object class="sowbreira.f1mane.paddock.entidades.persistencia.JogadorDadosSrv"> 
     <void property="corridas"> 
      <void method="add"> 
       <object class="sowbreira.f1mane.paddock.entidades.persistencia.CorridasDadosSrv"> 
        <void property="carro"> 
         <string>Ferrari-F2007</string> 
        </void> 
        <void property="circuito"> 
         <string>Monza</string> 
        </void> 
        <void property="numVoltas"> 
         <int>22</int> 
        </void> 
        <void property="piloto"> 
         <string>K.Raikkonen</string> 
        </void> 
        <void property="pontos"> 
         <int>5</int> 
        </void> 
        <void property="porcentConcluida"> 
         <int>72</int> 
        </void> 
        <void property="posicao"> 
         <int>2</int> 
        </void> 
        <void property="tempoFim"> 
         <long>1193613033343</long> 
        </void> 
        <void property="tempoInicio"> 
         <long>1193611725593</long> 
        </void> 
       </object> 
      </void> 
     </void> 
     <void property="email"> 
      <string>picinato_vip@yahoo.com.br</string> 
     </void> 
     <void property="nome"> 
      <string>rafael </string> 
     </void> 
     <void property="senha"> 
      <string>9135d8523ad3da99d8a4eb83afac13d1</string> 
     </void> 
     <void property="ultimoLogon"> 
      <long>1193611930046</long> 
     </void> 
    </object> 
   </void> 
  </void> 
  <void property="lastSave"> 
   <long>1237689053640</long> 
  </void> 
 </object> 
